subject_id,gene_symbol,hgvs_c,hgvs_p,study_pathogenicity_score,study_class,phenotype,gtex_atrial_tpm,gtex_ventricle_tpm,hubmap_ventricular_mean,hubmap_ventricular_percent_detected,hubmap_availability,pharos_tdl,pharos_drug_count,context_summary
1,TNNT2,NM_001276345.2:c.776A>C,p.Asp259Ala,24,VUS,DCM,2397.2900,2896.6600,103.6811,38.2000,available,Tbio,0,Heart-tissue and ventricular-cardiomyocyte context available
2,PKD1,NM_001009944.3:c.8299C>T,p.Arg2767Cys,30,LP,ICM,19.5943,15.5135,,,not_available_in_cells_api_index,Tbio,0,Heart-tissue context available; cell-type value unavailable
3,TNNT2,NM_001276345.2:c.547C>T,p.Arg183Trp,32,P,DCM,2397.2900,2896.6600,103.6811,38.2000,available,Tbio,0,Heart-tissue and ventricular-cardiomyocyte context available
4,FLNC,NM_001458.5:c.4181A>G,p.Lys1394Arg,30,VUS,DCM,172.1810,290.3020,33.8279,12.8000,available,Tbio,0,Heart-tissue and ventricular-cardiomyocyte context available
5,LAMP2,NM_002294.3:c.795C>A,p.Cys265Ter,28,P,HCM*,16.1638,8.8268,,,not_available_in_cells_api_index,Tbio,0,Heart-tissue context available; cell-type value unavailable
6,TNNT2,NM_001276345.2:c.547C>G,p.Arg183Gly,27,LP,DCM,2397.2900,2896.6600,103.6811,38.2000,available,Tbio,0,Heart-tissue and ventricular-cardiomyocyte context available
6,MYL3,NM_000258.3:c.170C>G,p.Ala57Gly,24,LP,DCM,65.6448,1901.8900,,,not_available_in_cells_api_index,Tbio,0,Heart-tissue context available; cell-type value unavailable
7,MYLK3,NM_182493.3:c.618dup,p.Ile207HisfsTer9,17,LP,DCM,53.4295,39.9855,62.0061,13.4000,available,Tchem,1,Heart-tissue and ventricular-cardiomyocyte context available
8,TTN,NM_001267550.2:c.13522del,p.Asp4508IlefsTer22,19,LP,DCM,53.7604,63.8906,,,not_available_in_cells_api_index,Tbio,0,Heart-tissue context available; cell-type value unavailable
9,TTR,NM_000371.4:c.323A>G,p.His108Arg,33,LP,ATTR-CM,0.3852,0.1033,,,not_available_in_cells_api_index,Tclin,11,Heart-tissue context available; cell-type value unavailable
10,TTR,NM_000371.4:c.220_221delinsTT,p.Glu74Leu,26,P,ATTR-CM,0.3852,0.1033,,,not_available_in_cells_api_index,Tclin,11,Heart-tissue context available; cell-type value unavailable
10,POLG,NM_002693.3:c.1760C>T,p.Pro587Leu,26,P,ATTR-CM,12.0762,11.2418,,,not_available_in_cells_api_index,Tchem,0,Heart-tissue context available; cell-type value unavailable
10,POLG,NM_002693.3:c.752C>T,p.Thr251Ile,19,P,ATTR-CM,12.0762,11.2418,,,not_available_in_cells_api_index,Tchem,0,Heart-tissue context available; cell-type value unavailable
11,FLNC,NM_001458.5:c.7813G>A,p.Glu2605Lys,15,VUS,HCM,172.1810,290.3020,33.8279,12.8000,available,Tbio,0,Heart-tissue and ventricular-cardiomyocyte context available
12,GYG1,NM_004130.4:c.248C>T,p.Thr83Met,26,P,DCM,28.1060,30.1122,,,not_available_in_cells_api_index,Tbio,0,Heart-tissue context available; cell-type value unavailable
12,GYG1,NM_004130.4:c.487del,p.Asp163ThrfsTer5,18,P,DCM,28.1060,30.1122,,,not_available_in_cells_api_index,Tbio,0,Heart-tissue context available; cell-type value unavailable
13,TTR,NM_000371.4:c.424G>A,p.Val142Ile,26,P,ATTR-CM,0.3852,0.1033,,,not_available_in_cells_api_index,Tclin,11,Heart-tissue context available; cell-type value unavailable
14,TNNI3,NM_000363.5:c.337G>A,p.Asp113Asn,24,VUS,DCM,2141.8000,4440.1900,314.8745,22.8000,available,Tbio,0,Heart-tissue and ventricular-cardiomyocyte context available
15,PLN,NM_002667.5:c.25C>T,p.Arg9Cys,32,P,DCM,373.1400,618.2910,113.9126,7.8000,available,Tbio,0,Heart-tissue and ventricular-cardiomyocyte context available
16,GBE1,NM_000158.4:c.1571G>A,p.Arg524Gln,31,LP,HCM*,28.2991,28.1241,4.4653,0.4000,available,Tbio,0,Heart-tissue and ventricular-cardiomyocyte context available
16,GBE1,NM_000158.4:c.1301G>A,p.Arg434Gln,25,VUS,HCM*,28.2991,28.1241,4.4653,0.4000,available,Tbio,0,Heart-tissue and ventricular-cardiomyocyte context available
17,TNNI3K,NM_015978.3:c.827+1G>T,,26,VUS,DCM,16.0883,20.0041,2.4065,0.4000,available,Tchem,1,Heart-tissue and ventricular-cardiomyocyte context available
18,DSC2,NM_024422.6:c.1034T>C,p.Ile345Thr,22,VUS,ARVC,2.0382,2.3539,1.2730,1.0000,available,Tbio,0,Heart-tissue and ventricular-cardiomyocyte context available
19,DES,NM_001927.4:c.1234G>A,p.Glu412Lys,29,VUS,ARVC,5262.5000,8523.7700,1115.6490,35.2000,available,Tbio,0,Heart-tissue and ventricular-cardiomyocyte context available
20,MYBPC3,NM_000256.3:c.2490dup,p.His831SerfsTer2,24,P,HCM,991.2920,1364.1100,232.2100,30.8000,available,Tbio,0,Heart-tissue and ventricular-cardiomyocyte context available
21,MYH7,NM_000257.4:c.428G>A,p.Arg143Gln,34,LP,HCM,558.1770,4527.2800,1307.6360,39.8000,available,Tclin,1,Heart-tissue and ventricular-cardiomyocyte context available
22,TPM1,NM_001018005.2:c.574G>A,p.Glu192Lys,29,P,HCM,1059.6200,1455.8400,,,not_available_in_cells_api_index,Tbio,0,Heart-tissue context available; cell-type value unavailable
23,LMNA,NM_170707.4:c.1129C>T,p.Arg377Cys,37,P,DCM,73.5527,47.8760,,,not_available_in_cells_api_index,Tbio,0,Heart-tissue context available; cell-type value unavailable
24,MYH7,NM_000257.4:c.2156G>A,p.Arg719Gln,29,P,HCM,558.1770,4527.2800,1307.6360,39.8000,available,Tclin,1,Heart-tissue and ventricular-cardiomyocyte context available
25,TTR,NM_000371.4:c.323A>G,p.His108Arg,33,LP,ATTR-CM,0.3852,0.1033,,,not_available_in_cells_api_index,Tclin,11,Heart-tissue context available; cell-type value unavailable
26,TTN,NM_001267550.2:c.100295del,p.Arg33432LeufsTer11,20,LP,DCM,53.7604,63.8906,,,not_available_in_cells_api_index,Tbio,0,Heart-tissue context available; cell-type value unavailable
27,DSG2,NM_001943.5:c.2315T>G,p.Leu772Ter,29,LP,ARVC,8.5547,4.6502,4.5942,1.0000,available,Tbio,0,Heart-tissue and ventricular-cardiomyocyte context available
27,DSG2,NM_001943.5:c.1003A>G,p.Thr335Ala,19,VUS,ARVC,8.5547,4.6502,4.5942,1.0000,available,Tbio,0,Heart-tissue and ventricular-cardiomyocyte context available
28,LMNA,NM_170707.4:c.1072_1077del,p.Glu358_Tyr359del,19,VUS,DCM,73.5527,47.8760,,,not_available_in_cells_api_index,Tbio,0,Heart-tissue context available; cell-type value unavailable
29,TTN,NM_001267550.2:c.658C>T,p.Arg220Ter,22,LP,ICM,53.7604,63.8906,,,not_available_in_cells_api_index,Tbio,0,Heart-tissue context available; cell-type value unavailable
30,TTN,NM_001267550.2:c.90566dup,p.Leu30189PhefsTer4,20,LP,DCM,53.7604,63.8906,,,not_available_in_cells_api_index,Tbio,0,Heart-tissue context available; cell-type value unavailable
31,DMD,NM_004006.3:c.31+1del,,24,LP,DCM,7.8068,5.7055,,,not_available_in_cells_api_index,Tclin,4,Heart-tissue context available; cell-type value unavailable
32,PKP2,NM_001005242.3:c.2014-1G>C,,33,P,ARVC,41.4250,67.1886,,,not_available_in_cells_api_index,Tbio,0,Heart-tissue context available; cell-type value unavailable
33,MYBPC3,NM_000256.3:c.2490dup,p.His831SerfsTer2,24,P,DCM,991.2920,1364.1100,232.2100,30.8000,available,Tbio,0,Heart-tissue and ventricular-cardiomyocyte context available
34,LMNA,NM_170707.4:c.1304_1307dup,p.Ser437HisfsTer2,29,P,DCM,73.5527,47.8760,,,not_available_in_cells_api_index,Tbio,0,Heart-tissue context available; cell-type value unavailable
35,FLNC,NM_001458.5:c.6826G>A,p.Val2276Met,26,VUS,HCM,172.1810,290.3020,33.8279,12.8000,available,Tbio,0,Heart-tissue and ventricular-cardiomyocyte context available
36,LMNA,NM_170707.4:c.992G>A,p.Arg331Gln,29,P,ACHD,73.5527,47.8760,,,not_available_in_cells_api_index,Tbio,0,Heart-tissue context available; cell-type value unavailable
37,DES,NM_001927.4:c.735G>A,p.Glu245=,21,LP,DCM,5262.5000,8523.7700,1115.6490,35.2000,available,Tbio,0,Heart-tissue and ventricular-cardiomyocyte context available
38,ACTC1,NM_005159.5:c.301G>A,p.Glu101Lys,31,P,DCM,5764.2500,3862.7600,52.9785,9.4000,available,Tbio,0,Heart-tissue and ventricular-cardiomyocyte context available
39,MYBPC3,NM_000256.3:c.2490dup,p.His831SerfsTer2,24,P,DCM,991.2920,1364.1100,232.2100,30.8000,available,Tbio,0,Heart-tissue and ventricular-cardiomyocyte context available
39,MYBPC3,NM_000256.3:c.442G>A,p.Gly148Arg,20,LP,DCM,991.2920,1364.1100,232.2100,30.8000,available,Tbio,0,Heart-tissue and ventricular-cardiomyocyte context available
40,LMNA,NM_170707.4:c.1304_1307dup,p.Ser437HisfsTer2,29,P,DCM,73.5527,47.8760,,,not_available_in_cells_api_index,Tbio,0,Heart-tissue context available; cell-type value unavailable
41,KCNQ1,NM_000218.3:c.1588C>T,p.Gln530Ter,33,(P),Myocarditis,16.5246,13.2973,0.0000,0.0000,available,Tclin,3,Heart-tissue and ventricular-cardiomyocyte context available
42,ACTC1,NM_005159.5:c.1132T>C,p.Ter378GlnextTer46,20,VUS,DCM,5764.2500,3862.7600,52.9785,9.4000,available,Tbio,0,Heart-tissue and ventricular-cardiomyocyte context available
43,MYLK3,NM_182493.3:c.1569-2A>C,,27,LP,DCM,53.4295,39.9855,62.0061,13.4000,available,Tchem,1,Heart-tissue and ventricular-cardiomyocyte context available
44,DMD,NM_004006.3:c.5632C>T,p.Gln1878Ter,30,P,DCM,7.8068,5.7055,,,not_available_in_cells_api_index,Tclin,4,Heart-tissue context available; cell-type value unavailable
45,KCNQ1,NM_000218.3:c.1552C>T,p.Arg518Ter,24,(P),HCM,16.5246,13.2973,0.0000,0.0000,available,Tclin,3,Heart-tissue and ventricular-cardiomyocyte context available
45,MYH7,NM_000257.4:c.3301G>A,p.Gly1101Ser,18,VUS,HCM,558.1770,4527.2800,1307.6360,39.8000,available,Tclin,1,Heart-tissue and ventricular-cardiomyocyte context available
46,TTN,NM_001267550.2:c.85150C>T,p.Arg28384Ter,29,LP,DCM,53.7604,63.8906,,,not_available_in_cells_api_index,Tbio,0,Heart-tissue context available; cell-type value unavailable
